{"cameraMode":{"drawMode":0,"name":"Shaded","section":"Shading Mode"},"sceneLighting":true,"audioPlay":false,"sceneViewState":{"showFog":true,"showMaterialUpdate":false,"showSkybox":true,"showFlares":true,"showImageEffects":true,"showParticleSystems":true,"showVisualEffectGraphs":true,"m_FxEnabled":true},"in2DMode":false,"pivot":{"x":333.6006774902344,"y":266.13873291015627,"z":158.65464782714845},"rotation":{"x":0.004810334648936987,"y":-0.0015056071570143104,"z":-6.990004521867377e-7,"w":0.9999874234199524},"size":455.634033203125,"orthographic":false}