{"cameraMode":{"drawMode":0,"name":"Shaded","section":"Shading Mode"},"sceneLighting":true,"audioPlay":false,"sceneViewState":{"showFog":true,"showMaterialUpdate":false,"showSkybox":true,"showFlares":true,"showImageEffects":true,"showParticleSystems":true,"showVisualEffectGraphs":true,"m_FxEnabled":true},"in2DMode":false,"pivot":{"x":-4.824825763702393,"y":0.5000038146972656,"z":26.425256729125978},"rotation":{"x":0.4173802137374878,"y":0.11666163802146912,"z":-0.05422472581267357,"w":0.8996408581733704},"size":16.320341110229493,"orthographic":true}