{"cameraMode":{"drawMode":0,"name":"Shaded","section":"Shading Mode"},"sceneLighting":true,"audioPlay":false,"sceneViewState":{"showFog":true,"showMaterialUpdate":false,"showSkybox":true,"showFlares":true,"showImageEffects":true,"showParticleSystems":true,"showVisualEffectGraphs":true,"m_FxEnabled":true},"in2DMode":false,"pivot":{"x":-30.933279037475587,"y":2.5049221515655519,"z":-12.681901931762696},"rotation":{"x":-0.31469830870628359,"y":0.17296455800533296,"z":-0.058434806764125827,"w":-0.9314733743667603},"size":28.448637008666993,"orthographic":false}