{"cameraMode":{"drawMode":0,"name":"Shaded","section":"Shading Mode"},"sceneLighting":true,"audioPlay":false,"sceneViewState":{"showFog":true,"showMaterialUpdate":false,"showSkybox":true,"showFlares":true,"showImageEffects":true,"showParticleSystems":true,"showVisualEffectGraphs":true,"m_FxEnabled":true},"in2DMode":false,"pivot":{"x":54.83917999267578,"y":-145.99444580078126,"z":14.218913078308106},"rotation":{"x":0.46158257126808169,"y":0.32278886437416079,"z":-0.18505088984966279,"w":0.8052434921264648},"size":104.14152526855469,"orthographic":false}