{"cameraMode":{"drawMode":0,"name":"Shaded","section":"Shading Mode"},"sceneLighting":true,"audioPlay":false,"sceneViewState":{"showFog":true,"showMaterialUpdate":false,"showSkybox":true,"showFlares":true,"showImageEffects":true,"showParticleSystems":true,"showVisualEffectGraphs":true,"m_FxEnabled":true},"in2DMode":false,"pivot":{"x":3.6082611083984377,"y":-54.327049255371097,"z":-93.08427429199219},"rotation":{"x":0.026048000901937486,"y":0.9637295603752136,"z":-0.24505451321601869,"w":0.10244080424308777},"size":67.98997497558594,"orthographic":false}