{"cameraMode":{"drawMode":0,"name":"Shaded","section":"Shading Mode"},"sceneLighting":true,"audioPlay":false,"sceneViewState":{"showFog":true,"showMaterialUpdate":false,"showSkybox":true,"showFlares":true,"showImageEffects":true,"showParticleSystems":true,"showVisualEffectGraphs":true,"m_FxEnabled":true},"in2DMode":false,"pivot":{"x":0.6835986971855164,"y":2.0060667991638185,"z":0.5685700178146362},"rotation":{"x":-0.07965695112943649,"y":0.9158462285995483,"z":-0.3217100203037262,"w":-0.22673988342285157},"size":3.1553330421447756,"orthographic":false}