{"cameraMode":{"drawMode":0,"name":"Shaded","section":"Shading Mode"},"sceneLighting":true,"audioPlay":false,"sceneViewState":{"showFog":true,"showMaterialUpdate":false,"showSkybox":true,"showFlares":true,"showImageEffects":true,"showParticleSystems":true,"showVisualEffectGraphs":true,"m_FxEnabled":true},"in2DMode":false,"pivot":{"x":-6.517334461212158,"y":-3.6693572998046877,"z":-4.2145233154296879},"rotation":{"x":-0.003552817041054368,"y":0.9373166561126709,"z":-0.34833142161369326,"w":-0.009560007601976395},"size":54.746883392333987,"orthographic":false}