{"cameraMode":{"drawMode":0,"name":"Shaded","section":"Shading Mode"},"sceneLighting":false,"audioPlay":false,"sceneViewState":{"showFog":true,"showMaterialUpdate":false,"showSkybox":false,"showFlares":true,"showImageEffects":true,"showParticleSystems":true,"showVisualEffectGraphs":true,"m_FxEnabled":true},"in2DMode":false,"pivot":{"x":-1.7973309755325318,"y":-1.1727828979492188,"z":18.89124298095703},"rotation":{"x":0.16699297726154328,"y":-0.050011225044727328,"z":0.008446537889540196,"w":0.9846035838127136},"size":15.613414764404297,"orthographic":false}