{"cameraMode":{"drawMode":0,"name":"Shaded","section":"Shading Mode"},"sceneLighting":false,"audioPlay":false,"sceneViewState":{"showFog":true,"showMaterialUpdate":false,"showSkybox":false,"showFlares":true,"showImageEffects":true,"showParticleSystems":true,"showVisualEffectGraphs":true,"m_FxEnabled":true},"in2DMode":false,"pivot":{"x":-8.347439765930176,"y":2.9000000953674318,"z":-5.400000095367432},"rotation":{"x":0.12895041704177857,"y":0.0014808224514126778,"z":-0.0002008931478485465,"w":0.9916514754295349},"size":3.8405728340148927,"orthographic":false}