{"cameraMode":{"drawMode":0,"name":"Shaded","section":"Shading Mode"},"sceneLighting":false,"audioPlay":false,"sceneViewState":{"showFog":true,"showMaterialUpdate":false,"showSkybox":false,"showFlares":true,"showImageEffects":true,"showParticleSystems":true,"showVisualEffectGraphs":true,"m_FxEnabled":true},"in2DMode":false,"pivot":{"x":0.12303191423416138,"y":1.4635858535766602,"z":1.0786070823669434},"rotation":{"x":0.3014710247516632,"y":0.3671089708805084,"z":-0.12711289525032044,"w":0.8707416653633118},"size":3.3173818588256838,"orthographic":false}